,Poblacion total,Superficie,Densidad,Porcentaje de poblacion urbana,Relacion hombre-mujer,Relacion de dependencia,Viviendas individuales,Promedio de ocupantes,Porcentaje de viviendas en buen estado,Porcentaje de viviendas haciendas,Porcentaje de alfabetizacion,10 a 24 annos,25 a mes annos,Escolaridad promedio,25 a 49 annos,50 o mas annos,Porcentaje de asistencia a la educacion,Menor de 5 annos,5 a 17 annos,18 a 24 annos,25 y mas annos,Personas fuera de la fuerza de trabajo (15 annos y mas),Tasa neta de participacion,Hombres,Mujeres,Porcentaje de poblacion ocupada no asegurada,Porcentaje de poblacion nacida en el extranjero,Porcentaje de poblacion con discapacidad,Porcentaje de poblacion no asegurada,Porcentaje de hogares con jefatura femenina,Porcentaje de hogares con jefatura compartida
San Jose,288054,44.61999893,6455.715081,100,89.90526295,45.71363533,81903,3.499981686,63.39450325,6.781192386,98.75840266,99.43032009,98.47701215,9.876764995,10.33264708,9.200082438,31.12624548,16.79944234,88.54844476,46.24617367,9.526969815,43.29174341,56.70825659,71.21249737,44.16824899,13.70692458,16.26674165,12.34837912,14.20775271,39.64385126,6.866659
Escazu,56509,34.49000168,1638.416853,99.27268223,89.316225,41.94318153,16565,3.402112889,74.34953215,3.797162692,98.98936279,99.44501241,98.81252657,10.90896982,11.41416378,10.10440852,29.80338571,28.71364946,90.8590935,49.90526162,7.64630863,39.29057749,60.70942251,74.02102623,49.23735506,13.75047402,19.89771541,10.42842733,14.23490064,32.47817566,8.705101
Desamparados,208411,118.2600021,1762.311823,93.55072429,92.19546834,43.91534026,57355,3.617435272,66.01168163,4.845261965,98.64267144,99.37650292,98.28509734,8.918121558,9.599269769,7.68523048,33.7450792,14.33479286,89.3297153,45.39049565,9.71945565,43.01094845,56.98905155,74.29009057,41.56414763,14.32702569,8.940027158,10.53879114,14.54097912,34.17792793,6.911342
Puriscal,33004,553.6599731,59.61059423,23.43352321,100.76647,45.60374112,9787,3.364360887,64.49371615,2.186574027,96.68485103,99.52646533,95.27051799,7.900382339,9.164923996,6.034232365,33.91256512,11.18514993,90.18232819,52.43589744,8.359084481,49.34042058,50.65957942,69.7373579,31.96866119,12.45259166,2.19670343,13.05599321,10.37147012,28.22768173,6.947992
Tarrazu,16280,297.5,54.72268908,50.31326781,98.80327268,51.38553097,4551,3.576576577,66.24917601,2.460997583,96.45316549,98.67850099,95.1155898,6.738944873,7.53837679,5.282368685,32.44957161,7.54975978,83.88206388,37.05780846,6.366330765,48.83898305,51.16101695,78.7568306,23.97375505,17.75430227,5.847665848,9.14004914,14.01719902,22.97063903,13.18392
Aserri,57892,167.1000061,346.4512142,71.13245353,95.83248765,45.24926613,16120,3.586662531,62.48759305,4.435483871,98.02315556,99.1431847,97.44563019,7.893967207,8.654883808,6.380695555,31.96304332,12.13833635,86.72526818,39.49133241,7.239973865,45.54336805,54.45663195,74.676719,35.57199519,13.96518544,4.938506184,10.82360257,13.80847095,29.96696844,5.849876
Mora,26294,162.0399933,162.2685824,45.93823686,93.62297496,43.13554709,7782,3.376638396,68.77409406,2.981238756,98.01888457,99.35229513,97.41035857,8.969219895,9.884642462,7.349350418,32.41390566,19.93281075,91.06165633,48.75866051,8.115923403,44.78299206,55.21700794,73.87822158,38.19203747,11.56949028,7.39332167,10.22286453,11.07857306,28.66759812,10.08738
Goicoechea,115084,31.5,3653.460317,98.53585207,89.23620817,43.03611822,32520,3.526107011,68.02275523,4.298892989,99.03075639,99.42471732,98.85859593,9.783725601,10.48720649,8.712400671,32.75529506,18.15372731,89.70178926,48.86547288,10.53125858,43.2066448,56.7933552,72.12252993,43.61623465,11.98861112,9.520871711,11.67842619,12.06683814,37.14431351,7.300123
Santa Ana,49123,61.41999817,799.7883664,93.15391975,91.70699344,41.24734027,14235,3.429364243,76.85282754,3.765367053,98.69888918,99.33360423,98.4362389,10.56214689,11.239747,9.186856852,30.43325809,27.57731959,90.33208084,46.54431217,7.321092279,38.22448551,61.77551449,75.93909758,49.09452736,13.78500609,18.87914012,9.867068379,13.54558964,29.76429115,10.16509
Alajuelita,77603,21.17000008,3665.706175,98.99875005,92.77374801,47.95332787,19832,3.908783784,57.58874546,8.400564744,98.55379299,99.38347719,98.10012281,8.008427846,8.658198121,6.648193669,32.76416345,11.12108966,86.32666167,36.94779116,7.585061042,43.98278781,56.01721219,74.87808538,39.28309925,16.46489104,12.93764416,11.24956509,16.47616716,36.29524693,5.808794
Vazquez de Coronado,60486,222.1999969,272.2142252,96.43057898,93.00552028,38.93329658,17155,3.517575051,73.12736811,2.541533081,99.05015198,99.53897737,98.8229729,9.922366298,10.76885952,8.417729345,35.08849323,18.76802097,92.01881742,53.96239886,11.14419278,41.6021972,58.3978028,73.92823961,44.40902208,11.00866474,4.478722349,10.15276262,11.01246569,31.33881825,8.108423
Acosta,20209,342.2399902,59.04920692,12.48948488,102.2518014,48.69398867,5871,3.435700903,60.94362119,2.691194004,95.60069646,99.22073522,93.71413437,6.685000441,7.709005947,4.989449004,33.96437118,11.03988604,89.94401825,46.25235405,7.248168094,50.43876883,49.56123117,73.03780965,25.86842105,12.22342148,1.192537978,10.15389183,9.213716661,26.53645395,4.888435
Tibas,64842,8.149999619,7956.073992,100,87.5238591,43.43036631,19160,3.377400835,70.55323591,3.611691023,98.96119929,99.54247951,98.73788541,10.32873569,11.06040411,9.338408503,31.30265929,18.92488954,90.96291137,52.74672437,10.2189781,43.9686554,56.0313446,70.41447313,43.84996461,10.74681884,10.68443293,11.50026218,11.58508374,40.10632316,7.63048
Moravia,56919,28.62000084,1988.784009,99.39036174,88.61090861,41.07718237,16874,3.359547232,78.74837027,2.613488207,99.23822575,99.50679056,99.13277764,11.05343661,11.66774164,10.09587074,33.40071121,23.35912869,92.28397945,57.82351283,10.84729589,41.32338703,58.67661297,73.3425152,46.01443333,10.69547708,8.554261319,10.65197913,10.69765808,33.9223233,8.314567
Montes de Oca,49132,15.15999985,3240.89713,100,87.36938449,35.27905504,16589,2.941889204,79.90234493,2.043522816,99.45469704,99.69204043,99.35992433,12.22352199,12.94571148,11.23478001,35.42005652,28.79537954,92.81471004,69.30455635,14.16049188,41.23096172,58.76903828,69.20096345,49.89983528,9.339292491,13.09737035,11.09867296,10.1746316,40.4177333,9.861957
Turrubares,5512,415.2900085,13.27265257,13.35268505,107.2180451,49.70124932,1679,3.272781418,44.90768314,3.513996426,94.97433704,99.36828806,92.72550921,6.441642418,7.258274552,5.2376,30.41085119,9.411764706,87.04422033,39.85815603,4.655674103,51.82676022,48.17323978,72.93898463,21.39979859,23.61546499,4.517416546,11.4658926,18.12409289,24.16422287,10.89934
Dota,6948,400.2200012,17.3604517,30.62751871,95.77345731,50.45474231,1952,3.543032787,74.28278689,2.663934426,97.25416166,99.0990991,96.20763852,7.290478752,8.031429836,6.143248801,33.53125,7.481751825,86.30778233,44.09044193,6.50887574,48.78001549,51.21998451,76.60841938,27.05971277,18.52137081,7.09556707,8.246977547,15.09786989,23.64185111,6.19877
Curridabat,65206,15.94999981,4088.150519,100,88.3695401,40.0713181,19146,3.396949755,74.4124099,4.314217069,98.99987675,99.44644014,98.8094042,10.93876218,11.29734355,10.36232643,32.30718901,23.26209776,90.33045743,53.24775921,9.647844871,41.14916403,58.85083597,72.56511773,47.0649332,12.08368483,15.21485753,9.476121829,13.28558722,35.21783701,8.461297
Perez Zeledon,134534,1905.51001,70.60262046,48.50446727,94.56793694,51.42551635,38508,3.477718916,63.12194869,3.443440324,97.23680451,99.2673815,96.05430452,7.260107931,8.111626977,5.772642608,34.6749477,8.723214286,86.75815257,45.12672132,6.987257367,51.97482329,48.02517671,70.77625571,27.24863601,13.96895787,2.509402828,10.9481618,12.87481232,29.28422623,7.75683
Leon Cortes Castro,12200,120.8000031,100.9933749,40.52459016,101.320132,46.86409053,3377,3.61237785,57.62511105,2.605863192,96.62606342,98.76356296,95.29854255,6.388810531,7.053326928,5.141568981,31.07414617,5.567928731,83.19550116,37.03898841,4.607428303,52.82915015,47.17084985,75.86889573,18.42221243,15.95312126,4.106557377,9.631147541,13.02459016,21.71378607,5.68552
Alajuela,254886,388.4299927,656.1954659,87.98992491,97.41311874,44.26910581,72031,3.493926226,68.91060793,4.310644028,98.21869399,99.30964022,97.71157578,8.685943797,9.381962865,7.395189403,31.62707455,13.59519691,88.50637181,43.1753582,8.334124863,44.18239719,55.81760281,73.84937019,38.6220646,12.44346261,10.09078568,9.62783362,13.44326483,28.2371061,7.612
San Ramon,80566,1018.640015,79.09172901,52.91313954,96.42099617,47.47304644,23301,3.444830694,66.66237501,3.441912364,97.54088768,99.13967394,96.71698699,8.213539935,9.01448811,6.891474235,34.56631113,15.18819433,88.98520318,51.10502122,8.569971847,48.95226246,51.04773754,71.09082949,32.08881527,18.26141545,6.860213986,10.44361145,15.37869573,28.35305512,8.282906
Grecia,76898,395.7200012,194.3242691,61.52955864,98.39525284,46.18279979,21709,3.530517297,67.64014925,3.247501036,97.48964247,99.1043398,96.68581935,8.000850379,8.755623905,6.643578365,31.48231457,14.16926812,88.39362742,42.31558378,6.191680074,46.23251177,53.76748823,74.827743,33.41894495,15.03883112,9.106868839,10.11339697,14.44380868,24.01332073,7.001704
San Mateo,6136,125.9000015,48.73709234,26.25488918,103.9893617,51.43139191,1834,3.344056707,55.17993457,3.217011996,97.7394636,99.61856325,96.92898273,7.533589251,8.309073265,6.525851198,27.93139657,12.32227488,84.00297619,39.14246196,5.045242665,55.26594618,44.73405382,67.0279283,21.68103448,20.73643411,5.296610169,11.57105606,15.88983051,21.54011847,8.669575
Atenas,25460,127.1900024,200.1729657,56.23330715,100.1100369,44.90608993,7472,3.405915418,74.4111349,2.288543897,97.95723819,99.31066176,97.38726534,8.534094575,9.359143506,7.314198913,30.55497206,12.73385637,90.46688806,50.42412818,6.689890975,49.26022193,50.73977807,70.3030303,31.5753018,12.74282838,8.205027494,9.438334643,10.75019639,22.91966977,8.471627
Naranjo,42713,126.6200027,337.3321677,53.91332849,95.84135718,47.79584775,11678,3.648655592,65.78181195,3.50231204,97.36084984,99.03048229,96.51332527,7.634900113,8.533511348,6.138712904,32.69011912,13.52459016,90.16494845,46.0095498,6.180923385,49.25701195,50.74298805,72.91306298,30.01258012,17.82824164,6.822278931,9.638751668,16.36035867,26.43418632,7.235828
Palmares,34716,38.06000137,912.1386954,80.88489457,97.13798978,44.59577658,9657,3.582168375,65.87967278,2.164233199,98.20933418,99.32702419,97.68888018,8.60475934,9.543855402,7.155417186,33.4300979,19.78586724,91.36344913,55.65775401,7.682514812,48.25022196,51.74977804,70.70929526,33.74206578,16.23237617,3.966470792,9.68141491,13.31950686,27.63265306,9.485347
Poas,29199,73.83999634,395.4360976,57.90609267,98.75433939,46.39025368,7906,3.690235264,70.13660511,4.110801923,97.40789045,98.98342007,96.60787808,7.47495852,8.279842342,5.948014955,31.0686114,14.50710288,87.63537906,40.2022756,5.739568611,46.85305117,53.14694883,75.18984997,31.75772825,15.8241367,7.548203706,9.260591116,14.33953218,22.82743253,9.322034
Orotina,20341,141.9199982,143.3272285,51.68870754,96.36065257,49.40139552,6024,3.374335989,59.9435591,5.195883134,96.7355566,99.03277808,95.61533758,7.841732902,8.610579552,6.480764578,32.05951616,11.64755582,88.11053985,43.55278535,6.629399948,51.78701196,48.21298804,68.51726473,28.86996904,17.87827557,5.363551448,11.31212821,15.39747308,27.82225127,5.079681
San Carlos,163745,3347.97998,48.90859592,47.36572109,100.4296363,52.06630758,44966,3.622425833,61.07725837,6.53604946,95.65031471,98.60702492,93.87750204,7.019284309,7.6461974,5.645204535,33.05957044,9.505897354,85.75428434,34.36346468,6.49690395,45.8284824,54.1715176,76.19833858,32.34366744,20.47227459,14.36990442,8.825918349,19.54136004,24.74215588,7.610194
Zarcero,12205,155.1300049,78.67594673,43.4002458,100.0163881,46.27277085,3333,3.647764776,73.92739274,3.180318032,97.69701681,99.22971114,96.85997596,7.41811899,8.192035815,6.056384743,30.79600214,15.31531532,87.29220539,40.64026044,5.093149038,45.18326306,54.81673694,80.18969606,29.28416486,22.25318471,9.864809504,7.824662024,17.20606309,21.04184958,6.30063
Valverde Vega,18085,120.25,150.3950104,37.0417473,96.49065624,47.91036231,5054,3.569449941,63.45468935,3.225168184,97.02628839,98.70820669,96.15003959,7.347288203,8.209493671,5.907241015,31.6208134,12.6007326,87.24897169,43.29440193,5.997624703,49.2341517,50.7658483,72.94207317,30.23288638,20.19961269,7.746751451,9.134641968,16.45562621,26.6328719,7.894737
Upala,43953,1580.670044,27.80656227,21.41833322,100.4057997,60.38899431,11518,3.810123285,41.60444522,10.35770099,94.14835396,99.05031892,90.93443613,6.050648204,6.976648944,4.355517559,36.730803,5.916870416,86.28263248,38.17591925,6.900236978,55.07853749,44.92146251,67.66538513,22.37481929,30.08589512,12.70220463,13.45073146,30.5530908,24.94868286,7.709672
Los Chiles,23735,1358.859985,17.4668474,20.40867917,104.4358312,58.74130551,6035,3.927920464,39.83429992,14.15078708,91.10115911,97.1219389,86.7878459,5.481461385,6.139820438,4.050229621,33.12146563,6.843455945,77.85611511,30.18589554,5.905226985,52.51620871,47.48379129,71.94357367,21.80736616,30.7505071,27.65536128,10.75205393,28.35053718,22.48425133,7.953604
Guatuso,15508,758.3200073,20.45046926,17.15243745,103.4636578,55.39078156,4409,3.511000227,44.70401452,7.189838966,94.24129452,98.5237484,91.71813942,5.990419766,6.784603421,4.525636429,30.06331365,7.925568573,80.02908386,29.57957958,4.197655364,53.87349617,46.12650383,70.68592058,21.07879234,27.65567766,9.059840083,12.99974207,22.36265153,22.4149433,7.870265
Cartago,147898,287.769989,513.9451842,88.68814994,96.132985,43.88784574,38618,3.800119115,74.14677094,2.933865037,98.39335224,99.29639402,97.94392523,8.973074648,9.759498832,7.585361068,34.32388381,19.07127843,89.40382805,51.86382655,9.193185851,46.82904573,53.17095427,72.22192044,35.26087327,13.70187797,3.871587175,8.60390269,13.92310917,28.69534609,6.424465
Paraiso,57743,411.9100037,140.183534,76.90629167,95.90500424,45.83775319,14626,3.93668809,70.77122932,4.027075072,97.95250638,99.28091201,97.23095488,7.530596043,8.332073643,6.006082389,32.80690237,17.00542005,87.02301411,42.93751496,6.928963831,48.53178817,51.46821183,74.17275055,29.91810655,13.85331781,2.402022756,8.045996917,13.46310375,25.95516052,4.868043
La Union,99399,44.83000183,2217.242827,96.98689122,93.1840709,43.71493841,26979,3.671411098,69.66529523,4.662885948,98.63721748,99.3758771,98.28321623,9.509707793,10.24825065,7.955606835,34.21548438,18.46552362,89.78591575,47.6071103,9.824604874,40.73624865,59.26375135,75.3904826,44.65555781,12.94580501,9.654020664,9.405527219,14.1359571,31.54897907,8.358353
Jimenez,14669,286.4299927,51.21321222,52.56663713,98.90169492,46.80744596,4113,3.562849502,56.69827377,1.99367858,96.55420531,99.06519655,95.2975048,6.588891555,7.377979569,5.221311475,31.59903133,15.73896353,89.05352283,43.9516129,5.866122841,52.94907366,47.05092634,70.25769506,23.83169203,12.65649452,2.385984048,10.94825823,11.00279501,25.61411877,9.968393
Turrialba,69616,1642.670044,42.379783,57.38048724,97.76710889,49.11536649,20453,3.397301129,64.88534689,3.442037843,96.06015242,98.75210615,94.77533172,7.418375553,8.3193204,6.038615688,33.04355954,18.79145173,88.40617985,49.12432432,8.232810615,52.52040235,47.47959765,67.73767947,28.08692422,14.85022045,2.173350954,11.71426109,12.57038612,26.53679654,8.272625
Alvarado,14312,81.05999756,176.5605777,62.57685858,100.2518539,47.62248582,3612,3.953211517,72.39756368,3.128460687,97.2040156,98.75538535,96.38095238,6.581968254,7.340066032,5.150036684,29.47328534,16.3831692,82.37766437,35.74660633,5.511111111,46.96148093,53.03851907,79.66929726,26.66542613,18.11347772,1.390441587,8.880659586,14.33761878,19.49448777,8.776301
Oreamuno,45473,201.3099976,225.885453,87.45849185,95.70063694,45.52291347,11232,4.040954416,76.66488604,3.952991453,97.6760545,99.06074837,96.95008141,8.106389738,8.824027678,6.677082096,33.8884521,18.88571429,88.25579205,46.76060901,7.807473889,46.09205512,53.90794488,75.77892499,33.49957495,17.21109744,1.420623227,8.29283311,15.65104568,26.04049005,7.247151
El Guarco,41793,167.6900024,249.227738,87.66061302,101.5480324,44.67753661,10831,3.830024928,73.24346782,2.465146339,98.42517451,99.45073236,97.89460088,8.339963834,9.168160451,6.522624123,34.39718149,17.7373864,89.83907572,44.80816614,8.710066305,44.86769781,55.13230219,75.45170146,34.76869921,12.94152924,2.79472639,8.109013471,13.03089034,23.74408446,7.293879
Heredia,123616,282.6000061,437.4239113,99.70796661,90.32779566,40.81356009,35216,3.50096547,78.15197637,3.912994094,99.07094595,99.54492344,98.86274616,10.57897296,11.2171877,9.399238227,34.12053246,19.73748177,91.31440162,54.19161677,10.5513385,41.10106515,58.89893485,73.07888266,46.52816697,9.23026804,11.3342933,10.49055138,10.46870955,34.93491841,9.234439
Barva,40660,53.79999924,755.7620925,91.0304968,95.66891242,40.69204152,11291,3.589141794,78.62013993,2.400141706,98.85629325,99.49050486,98.57314198,10.13205674,10.85840147,8.76815044,32.91706186,19.23076923,88.48870056,50.7479644,9.495843501,42.22327791,57.77672209,74.68512202,41.99375421,9.982034583,5.381210034,9.495818987,9.584358091,27.42144897,9.485431
Santo Domingo,40072,24.84000015,1613.204499,100,94.59039479,41.27269522,11496,3.478601253,77.57480863,2.940153097,99.06755254,99.39936883,98.93844569,10.39479522,11.20409507,9.172516655,31.98226894,23.76980817,91.21260684,56.41700405,9.633209221,42.9163292,57.0836708,72.40886347,42.97253635,9.874669814,7.668696347,9.809842284,9.298263126,30.44510386,10.08177
Santa Barbara,36243,53.20999908,681.131378,87.81557818,97.33747141,43.42870711,10107,3.584644306,76.39259919,2.948451568,98.50605696,99.38115045,98.09400974,8.791153148,9.590319542,7.244917987,33.29168526,15.75342466,90.81684424,46.29977069,8.646221458,43.57826322,56.42173678,75.60400707,37.97719385,11.67839989,6.779240129,9.662555528,11.43945038,24.5990864,7.954883
San Rafael,45965,48.38999939,949.8863521,90.34917872,95.25508687,42.81941337,12957,3.542563865,74.129814,3.06398086,98.71504542,99.46987546,98.38786155,9.781303571,10.59829108,8.299743458,33.41451991,18.65237366,90.72186613,51.45681582,9.727541306,42.09800445,57.90199555,73.50218341,43.30391195,12.06438349,8.138801262,9.370172958,12.27238116,30.4751832,10.31103
San Isidro,20633,26.95999908,765.3190171,94.63965492,97.99443432,41.15755627,5807,3.53814362,76.61443086,2.410883417,98.67393381,99.76005906,98.19856208,9.657484449,10.50916964,8.180251822,33.3281315,22.64017033,92.10206561,52.56410256,9.548428791,41.34306208,58.65693792,75.06034811,43.10324057,11.20094868,7.74972132,8.617263607,11.23927689,28.53548062,11.93387
Belen,21633,12.14999962,1780.493883,100,94.22697073,38.67307692,6011,3.586757611,82.49875229,2.944601564,99.04023625,99.70165952,98.77941176,10.27272059,11.24118494,8.738122387,29.42535516,29.06976744,89.50332821,50.47585478,7.779411765,41.50208942,58.49791058,74.13999044,44.10245136,9.816504562,11.98169463,8.829103684,10.32219295,28.64007689,10.5806
Flores,20037,6.960000038,2878.879295,100,95.94171719,41.29469008,5751,3.479047122,83.01165015,2.364806121,99.08990783,99.26630974,99.01703801,10.61222149,11.46037877,8.984457198,32.36427883,25.82781457,91.32075472,50.90180361,9.379095675,41.06801072,58.93198928,74.33162123,44.46231902,9.310344828,7.775615112,9.40260518,9.028297649,28.52280463,11.19805
San Pablo,27671,7.53000021,3674.767494,100,93.13882878,38.62531937,8006,3.44366725,82.33824632,2.623032725,99.08666277,99.48372293,98.92384593,11.19582476,11.99514301,9.686257856,33.62937792,25.81736189,90.90568161,57.71284069,10.62628639,41.47698764,58.52301236,72.00191113,46.21225345,8.005133553,7.646995049,10.98261718,8.75284594,32.50366032,11.25406
Sarapiqui,57147,2140.540039,26.69746838,18.05694087,103.4425062,55.6206089,15768,3.602676306,44.67275495,9.145104008,94.38626347,98.230187,91.90770114,5.893849135,6.434638015,4.623602932,33.66173099,6.420404573,84.33335419,31.32799159,5.235771191,49.52214364,50.47785636,73.82929758,26.49159772,18.1350382,17.75771257,10.47299071,19.29760092,23.9633618,5.910705
Liberia,62987,1436.469971,43.84846275,81.97882103,95.94039694,49.88696666,16577,3.746998854,64.54123183,8.789286361,97.6893155,98.97226754,96.98044047,8.782080942,9.374555792,7.543774951,34.98275892,11.01434426,87.37029939,45.32522657,8.457771235,47.94207986,52.05792014,67.52502275,37.65254237,16.7545064,10.15288869,7.919094416,18.88961214,33.0565371,7.528503
Nicoya,50825,1333.680054,38.10884017,44.07083128,96.70640142,50.60597979,15038,3.378640777,56.31732943,5.206809416,97.2621508,99.45411626,96.2551259,8.103466974,9.034218795,6.745959007,31.10300859,13.60163016,88.07875573,45.06300845,6.659436744,56.27961165,43.72038835,60.18927109,28.0884134,17.49308756,3.333005411,13.84358091,14.22725037,30.69920844,5.885091
Santa Cruz,55104,1312.27002,41.99135786,48.06003194,98.06620898,48.10514433,16645,3.307239411,61.91048363,6.007810153,98.12183288,99.41381717,97.54407864,8.723482603,9.524654538,7.372096923,28.42860248,15.44624972,82.92070927,37.51891074,6.22249961,52.49399904,47.50600096,62.29156509,33.1678487,21.40968697,8.594657375,12.31671022,22.22524681,31.738437,4.920397
Bagaces,19536,1273.48999,15.34052105,46.68304668,101.7764925,54.45920304,5615,3.47747106,53.26803206,6.500445236,96.17058312,99.18555241,94.53918375,6.983904963,7.805494344,5.443679427,32.33167012,8.298999411,84.66613355,38.38130997,5.863192182,54.10700292,45.89299708,68.90768349,23.15536043,17.77239709,8.343570844,9.362203112,16.21621622,26.811211,5.520926
Carrillo,37122,577.539978,64.2760699,62.33230968,100.3994818,50.78597831,10141,3.654866384,61.65072478,8.963613056,97.80769105,99.10976326,97.15477066,8.145695364,8.76793376,6.981408451,29.38318422,10.21377672,84.83249197,32.92499463,4.866323277,53.50564359,46.49435641,63.94910113,29.25010963,17.73382501,12.10064113,10.1799472,19.64064436,29.23151281,5.817967
Cannas,26201,682.2000122,38.40662494,79.95496355,97.13339854,50.82316371,7172,3.645008366,54.75460123,7.82208589,96.42244775,98.79855827,95.15900057,7.542376491,8.309469574,6.08995687,33.08860547,10.65539112,87.40169865,39.14454277,7.119534355,50.17870283,49.82129717,70.84771355,29.83391429,14.32308698,8.137094004,9.663753292,15.95740621,28.75746066,6.023424
Abangares,18039,675.7600098,26.69438815,30.35644991,99.87811634,51.37198959,5311,3.392393146,49.65166635,5.385049896,95.5492173,98.84057971,93.82890617,6.792748207,7.696790675,5.236393623,30.27157514,9.530292716,85.44665296,35.12216405,4.757095243,52.87097501,47.12902499,69.62906889,25.00744269,21.81696503,3.686457121,11.96296912,19.17512057,26.70127944,6.608925
Tilaran,19640,638.3900146,30.76489223,50.68737271,98.30371567,52.9356798,6018,3.255566633,65.90229312,2.475905616,96.3625414,99.21710903,95.04750176,7.333479944,8.316573837,5.951322751,32.21683561,14.98655914,90.18966645,45.69868002,6.219211823,51.38388303,48.61611697,71.46017699,26.50876489,16.68826494,5.728105906,11.66496945,13.69653768,24.84818644,9.521436
Nandayure,11121,565.5900269,19.66265223,20.71756137,103.9801908,51.22382377,3307,3.352887814,50.71061385,3.749622014,96.20159151,99.2854823,94.70532619,6.730066183,7.725572821,5.247155747,31.1587147,10.693302,87.28189221,45.05576208,5.404979515,57.82442748,42.17557252,63.13429313,20.76199662,18.08227286,3.246110961,13.89263555,14.89074723,23.80809595,11.21863
La Cruz,19181,1383.900024,13.86010525,37.1461342,96.90996818,59.29740055,4732,4.052197802,41.61031276,10.73541843,93.76753899,98.58283108,90.54878049,6.24804007,7.073494168,4.481709402,34.92450639,6.221315655,82.68319358,34.03921569,6.641986063,54.64672669,45.35327331,68.74219725,22.97700806,32.07053073,18.22636985,9.373859549,30.01407643,27.61943818,7.290786
Hojancha,7197,261.4200134,27.53040942,24.26010838,103.2476701,48.4835981,2028,3.548816568,58.08678501,3.007889546,96.48639896,99.50641658,95.01204819,7.174698795,8.268467037,5.487132353,33.26341025,8.604206501,88.47352025,58.32426551,6.361445783,56.23981163,43.76018837,63.58443413,23.34558824,17.68937791,2.639988884,12.56078922,12.74142004,24.39980402,9.270217
Puntarenas,115019,1842.329956,62.43127059,71.52731288,99.08780918,51.31689733,33228,3.43875647,51.06235705,7.860840255,97.07572791,99.10689015,96.05373503,7.628127027,8.311966131,6.436512758,32.99256594,10.81108211,87.82476905,40.15976248,7.345052928,51.82638641,48.17361359,67.087599,29.86867318,15.41790433,5.574731131,10.85038124,14.17678818,29.88594282,4.812207
Esparza,28644,216.8000031,132.1217694,74.61946655,96.59574468,49.99214536,8435,3.38992294,59.38352104,4.647302905,97.58771019,99.06156156,96.8557758,8.344124775,9.213854816,6.936879779,33.52074153,10.68965517,88.75945537,46.09223971,8.003479774,50.5113716,49.4886284,70.00288157,30.07634975,15.08658644,4.332495462,11.99204022,14.00642368,26.57752756,8.097214
Buenos Aires,45244,2384.219971,18.97643697,37.72654938,101.6670381,60.71897979,12205,3.70282671,42.74477673,9.233920524,95.26358115,98.87746822,92.75137498,5.9828421,6.740424053,4.400696864,36.21571134,5.679824561,82.4806551,36.49180328,7.18751469,54.75895362,45.24104638,70.78797304,19.34848286,13.48306223,2.188135443,10.50305013,10.29528777,25.2526069,6.661204
Montes de Oro,12950,244.7599945,52.90897324,68.48648649,98.86363636,48.30508475,3929,3.288877577,62.53499618,3.945024179,96.41652229,99.3904209,95.05450678,7.792342462,8.858614031,6.055225446,30.48352016,11.84738956,87.24381625,44.63171036,6.115394842,52.34967155,47.65032845,67.55438097,27.97427653,11.83522232,4.308880309,10.8030888,9.629343629,24.84331913,8.399084
Osa,29433,1930.23999,15.24836298,38.04573098,104.4668288,52.10066663,8904,3.295372866,43.2277628,6.323000898,95.26445264,98.71036441,93.43706864,6.760007529,7.528859458,5.423367698,30.77638827,7.563352827,83.8067792,32.72028548,6.086083574,51.45400317,48.54599683,68.72439224,27.38902148,19.20641203,4.063466177,14.06584446,15.14966194,26.61138751,8.591644
Quepos,26861,543.7700195,49.39772153,52.77539928,106.1157152,46.29377485,8094,3.315542377,47.83790462,8.228317272,96.5150833,99.03175833,95.16731195,7.379424779,7.846176852,6.323257388,30.25017402,8.531583265,86.38911129,30.82929456,5.862831858,45.03130681,54.96869319,74.37284801,34.50565411,16.09877489,9.712966755,9.068910316,16.45136071,24.60230723,8.042995
Golfito,39150,1753.959961,22.32092002,46.90676884,102.3151258,53.58361775,11576,3.374654457,45.05010366,7.195922598,95.9627814,99.351457,94.12642627,7.002647923,7.808751666,5.504060564,33.01825933,6.43408636,85.74271217,35.83109087,6.850897886,51.57782136,48.42217864,68.4873355,28.03536769,22.57053292,3.696040868,12.89655172,23.68326948,27.73778267,6.643055
Coto Brus,38453,933.9099731,41.17420427,22.986503,98.97029908,60.50171133,10936,3.5,46.47951719,5.102414045,94.6863326,98.02190039,92.77169505,6.341190187,7.399596612,4.552161462,35.25140627,7.370462732,86.59101655,40.14534244,6.604825629,55.29385375,44.70614625,68.71700711,21.75915771,16.74223629,4.935895769,12.10828804,14.19395106,24.64648296,7.772495
Parrita,16115,478.7900085,33.65776168,53.23611542,104.5050761,48.30664458,4833,3.320504862,51.43803021,6.26939789,94.6038864,99.15693904,92.19785241,6.538496687,7.284125898,5.03954608,29.52892393,6.623931624,84.29098577,31.94637078,5.197623943,49.56565742,50.43434258,73.06927411,26.97922033,15.07607192,7.558175613,9.481849209,14.91157307,25.10154346,5.917649
Corredores,41831,620.5999756,67.40412769,51.3040568,98.14788499,55.19979223,11849,3.524685627,45.98700312,7.215798802,96.02180639,99.0354493,94.34533364,7.250355423,8.185431381,5.416270542,34.63962657,7.00408998,86.82634731,37.26944286,8.025682183,50.03717975,49.96282025,71.56667809,28.95806946,19.19191919,5.907102388,12.13454137,15.6988836,28.28969175,6.127099
Garabito,17229,316.3099976,54.46871782,73.1034883,100.6872452,48.12999742,5313,3.241483155,61.45303971,12.85526068,96.7477314,99.08724262,95.53177405,7.523830538,7.914298081,6.25503985,28.54731923,9.873834339,85.70372196,23.28227571,4.291703442,39.75008167,60.24991833,79.06557377,41.56901042,25.33408356,24.11631551,7.940100993,24.19757386,27.54000744,4.479578
Limon,94415,1765.790039,53.46898437,71.16030292,93.98615192,56.89549163,26666,3.51680042,51.1400285,8.276456911,96.95979035,99.07159887,95.73863636,8.136593416,8.740110278,7.0077947,35.72109108,8.608214514,85.13941698,39.6990838,8.668950535,51.13873846,48.86126154,66.59011164,32.6121912,12.61139794,6.652544617,11.77673039,15.38738548,32.68143,4.432611
Pococi,125962,2403.48999,52.40795698,59.16943205,100.9315829,51.58976581,36238,3.458193057,51.8240521,6.283459352,96.50833228,99.05575061,95.03664889,6.877944589,7.580653932,5.397202063,32.88167321,8.099287125,84.38776132,32.91940589,6.901055673,48.83873844,51.16126156,73.46064608,28.90259653,16.21473694,7.478445881,11.4145536,16.06675029,26.49171795,6.253104
Siquirres,56786,860.1900024,66.01564752,53.84249639,102.5828547,52.6792676,16206,3.486918425,48.22288041,5.905220289,96.50882564,99.06492899,94.99792732,6.54680807,7.180241482,5.229951074,32.70019636,8.936249766,84.57303974,31.50269986,6.321680254,49.41753373,50.58246627,73.88688921,26.82350576,10.75713483,6.853801993,10.79315324,10.35114289,25.01812032,6.590152
Talamanca,30712,2809.929932,10.92980991,23.3622037,104.0122227,65.06503279,7999,3.830353794,44.13051631,14.10176272,93.10227947,97.94117647,89.63033037,6.433852423,6.93866775,5.157164869,36.19937925,7.42872807,82.48514317,30.66142119,6.665696405,49.61053319,50.38946681,71.09559402,28.7534683,19.08969485,16.30958583,9.559781193,17.60224017,26.67395795,5.188149
Matina,37721,772.6400146,48.82092473,50.88147186,108.0699432,56.03309204,10410,3.589241114,37.12776177,10.4610951,96.00693865,98.95913318,94.11152498,6.166520596,6.703285659,4.861680135,32.80834466,6.058262439,81.61583633,27.48607796,6.047326906,48.08857809,51.91142191,75.45223501,26.4358518,9.798857322,14.4508364,10.49547997,12.06489754,22.6323185,2.728146
Guacimo,41266,576.4799805,71.58271128,48.69868657,99.85470748,53.81117448,11797,3.471560566,51.4452827,5.687886751,96.51086043,99.13683877,94.90919629,6.338050618,6.961196557,4.985451761,32.50261275,10.25576095,83.15932819,32.15434084,5.646251932,49.64382807,50.35617193,73.71732817,27.21107077,14.07607921,8.539717928,11.55915281,12.38792226,27.56474104,5.399678
